Date,Portfolio,Pct_Return
2020-10-27,100000.0,0.0
2020-10-28,101528.65418310674,0.01528654183106748
2020-10-29,99569.17507068951,-0.019299764467312963
2020-10-30,100627.47576624723,0.010628798469068057
2020-11-02,101513.84716347718,0.00880844312629847
2020-11-03,103239.9506426716,0.017003625883813767
2020-11-04,104549.92452009526,0.012688633317519349
2020-11-05,106641.19973748506,0.020002646840628246
2020-11-06,108079.9742516576,0.013491732254647504
2020-11-09,110603.17982247283,0.023345726979357995
2020-11-10,112453.41194145528,0.016728561709999923
2020-11-11,115609.2184540754,0.028063234882220067
2020-11-12,117954.14787130333,0.020283239075432613
2020-11-13,118668.57806040313,0.006056846681468997
2020-11-14,121265.61576271111,0.021884796672848594
2020-11-17,122185.32622237204,0.007584264128593476
2020-11-18,123684.23507032332,0.012267502934217633
2020-11-19,126057.80388250023,0.019190552545579997
2020-11-20,127338.95269693021,0.010163185260820162
2020-11-23,130184.38723130841,0.022345358384958658
2020-11-24,132476.6618159826,0.01760790701116366
2020-11-25,135001.45185332635,0.01905837603947802
2020-11-26,135903.34365607906,0.006680608173996294
2020-11-27,137856.5908807299,0.014372326479279218
2020-12-01,139855.53027323683,0.01450013655303839
2020-12-02,143340.60721036067,0.024919121398453203
2020-12-03,146401.64568856827,0.021354998683069226
2020-12-04,149458.71336191308,0.020881375062189678
2020-12-07,151455.00907361743,0.013356837261607746
2020-12-08,153505.6121333479,0.013539354507144274
2020-12-09,154846.96530721762,0.008738137682578806
2020-12-10,156089.84945036683,0.008026532135669173
2020-12-11,157267.64999416878,0.0075456575039907214
2020-12-14,159543.31221750155,0.014469995726502871
2020-12-15,161235.8638540658,0.01060872820702663
2020-12-16,163764.60549445363,0.015683493609564447
2020-12-17,165275.70655387576,0.00922727505653409
2020-12-18,166578.52753077907,0.0078827130984227
2020-12-21,167236.00464992886,0.003946949999472871
2020-12-22,159416.1520341438,-0.0467593843332611
2020-12-23,162625.4902453469,0.020131825854859065
2020-12-24,165216.03034554093,0.01592948372537273
2020-12-28,168058.64591437895,0.017205446486596054
2020-12-29,170593.7037396917,0.015084364220120383
2020-12-30,172638.98660972464,0.011989204907314921
2020-12-31,173679.23211083235,0.0060255537960225425
2021-01-01,174536.53809005022,0.004936145610494158
2021-01-04,176798.34063487913,0.012958905737330273
2021-01-05,178834.20567635435,0.011515181840307198
2021-01-06,182159.52469545256,0.01859442384929544
2021-01-07,185182.66624870972,0.016596121220185722
2021-01-08,188819.7567226277,0.019640555715042973
2021-01-11,192960.07732950206,0.021927369671153718
2021-01-12,196895.91204560356,0.020397145205226064
2021-01-13,200964.98798482813,0.02066612707673743
2021-01-14,203644.77961811298,0.013334619428769123
2021-01-15,205598.34583156195,0.009593009047972778
2021-01-18,206757.71227637373,0.005638987221043168
2021-01-19,207379.45142760582,0.0030070904944092813
2021-01-20,210939.66658394493,0.017167637062546426
2021-01-21,214569.2915089848,0.01720693401966411
2021-01-22,216859.0358166231,0.010671351392062656
2021-01-25,220203.8239244895,0.015423789445853542
2021-01-27,220975.32968875437,0.003503598395863561
2021-01-28,219703.35120101474,-0.005756201334923827
2021-01-29,224926.92283377232,0.023775566481816446
2021-02-01,227450.00497659625,0.011217341663845914
2021-02-02,239580.3920906511,0.053332103093614025
2021-02-03,244784.88111922238,0.021723351327524565
2021-02-04,249345.00360448248,0.018629101864502395
2021-02-05,256426.67474375758,0.02840109501655874
2021-02-08,260673.7124206403,0.016562386425385434
2021-02-09,265221.42392497207,0.01744599201086028
2021-02-10,268504.20669320505,0.01237751731987391
2021-02-11,270509.5881361439,0.00746871517447123
2021-02-12,274052.8432375137,0.013098445514568846
2021-02-15,279014.69933660433,0.01810547207054647
2021-02-16,285069.97905691183,0.021702368135817718
2021-02-17,289117.89143641817,0.014199714725829482
2021-02-18,293130.0323392645,0.013877179592424849
2021-02-19,299468.6169324159,0.021623797952627477
2021-02-22,300292.091171247,0.0027497847596396063
2021-02-23,305693.77970840846,0.017988114559037927
2021-02-24,309377.6939452251,0.0120509950851162
2021-02-25,314907.34959020425,0.017873478771091245
2021-02-26,317054.6622062883,0.0068188710707399736
2021-03-01,318432.6212558107,0.0043461245450031605
2021-03-02,323067.5510094221,0.014555448921446779
2021-03-03,329544.5172319475,0.020048334171253623
2021-03-04,331074.5813035357,0.0046429662506304314
2021-03-05,332722.3793645646,0.0049771204256787716
2021-03-08,334871.49530434347,0.006459186616431634
2021-03-09,338806.93244900176,0.011752081618895627
2021-03-10,342678.3950928399,0.011426751559816095
2021-03-12,345867.44647322217,0.00930625165183896
2021-03-15,348367.21949925413,0.007227546424278808
2021-03-16,351333.8931499451,0.008515938023546887
2021-03-17,354735.25605433923,0.009681283163143206
2021-03-18,353945.95095630205,-0.0022250539932694435
2021-03-19,358629.0186579807,0.013231024931986912
2021-03-22,365248.1499476548,0.018456764359012112
2021-03-23,371649.53849212057,0.017526135438011625
2021-03-24,373293.28009041445,0.004422826959406434
2021-03-25,374892.99045163236,0.004285398228520032
2021-03-26,378908.03447806503,0.010709840217593136
2021-03-30,385019.652393929,0.016129554825308867
2021-03-31,391411.56534655014,0.016601523877750823
2021-04-01,395860.2173432177,0.011365663129368153
2021-04-05,400885.69689089054,0.012695086112469056
2021-04-06,405662.351294445,0.011915252753092131
2021-04-07,415315.96496333205,0.023797164410458427
2021-04-08,422077.94830285467,0.016281539622777563
2021-04-09,427528.5776798568,0.012913798029294599
2021-04-12,428225.19483992225,0.0016294049016463141
2021-04-13,435156.1418951719,0.01618528554313703
2021-04-15,445917.76167999854,0.024730478898811192
2021-04-16,451639.020430086,0.012830300207223422
2021-04-19,452286.4731112934,0.0014335623183994173
2021-04-20,461380.62251734396,0.02010705591854567
2021-04-22,459594.83625452826,-0.0038705272299305316
2021-04-23,466534.1811500726,0.015098831292571946
2021-04-26,473516.55323245673,0.014966474836145105
2021-04-27,478241.8708852617,0.009979202671052567
2021-04-28,486319.1426839988,0.016889511961354353
2021-04-29,494613.606365915,0.017055597762693386
2021-04-30,500999.22199127724,0.012910311287793741
2021-05-03,504752.23677977285,0.007491059114979937
2021-05-04,515566.38265537116,0.02142466162129475
2021-05-05,518721.16506244836,0.006119061508294665
2021-05-06,524610.6209711904,0.011353799122565178
2021-05-07,532133.9218757851,0.014340733114909465
2021-05-10,541019.5670134556,0.01669813701473566
2021-05-11,544043.2215802525,0.0055888081525188316
2021-05-12,553413.2128020566,0.01722288018695939
2021-05-14,558223.1634833206,0.00869142725543215
2021-05-17,564694.3147646985,0.011592409102119339
2021-05-18,577738.3554005222,0.023099295131489006
2021-05-19,582976.2410281334,0.009066189874099573
2021-05-20,588185.8086384475,0.008936157674499068
2021-05-21,590593.6418158864,0.004093660782147346
2021-05-24,597539.5654840644,0.01176091846641203
2021-05-25,604212.3283365917,0.011167064472327848
2021-05-26,608014.7193545967,0.006293137097141077
2021-05-27,613387.7599748126,0.00883702392257768
2021-05-28,619891.4634831636,0.010602923522011753
2021-05-31,624333.7106044312,0.00716616921340818
2021-06-01,631455.6810010524,0.011407313549874232
2021-06-02,637497.094925652,0.009567439341146011
2021-06-03,645558.650041168,0.01264563427768417
2021-06-04,653903.1837679216,0.012926066014639526
2021-06-07,662491.3263204092,0.013133660709527373
2021-06-08,671948.2422317909,0.014274776945242484
2021-06-09,678693.7534704122,0.010038736341086318
2021-06-10,683028.2645749905,0.006386549282963561
2021-06-11,689719.6333726525,0.00979662064471909
2021-06-14,690158.1324748403,0.000635764274308892
2021-06-15,697563.5251760801,0.010729994116978281
2021-06-16,701128.0446920302,0.005109956853105668
2021-06-17,698346.3512847027,-0.003967454202390863
2021-06-18,705832.8381919509,0.010720306468954721
2021-06-21,708201.2130894996,0.0033554331413871985
2021-06-22,721017.5582869955,0.018097039316813834
2021-06-23,729593.9134589437,0.011894793786054292
2021-06-24,733756.5951165239,0.0057054775002785
2021-06-25,741353.9513939109,0.010354055183899868
2021-06-28,748920.2034642708,0.010205991424384608
2021-06-29,751800.6985224886,0.003846197558689868
2021-06-30,758564.0916833605,0.00899625814948557
2021-07-01,759563.6215175035,0.0013176603600164594
2021-07-02,763445.741881243,0.005110987748443652
2021-07-05,767346.9804270485,0.005110040349681322
2021-07-06,767447.0584363209,0.00013042080287672952
2021-07-07,771088.2996203012,0.004744615467547009
2021-07-08,775580.8233856371,0.005826211819772276
2021-07-09,775664.8608105218,0.00010835418095789251
2021-07-12,782858.6177998547,0.009274310791668405
2021-07-13,787856.4735490958,0.006384110279435973
2021-07-14,792007.4283472213,0.005268668770882279
2021-07-15,798023.90233646,0.007596486818051584
2021-07-16,808499.517975972,0.013126944705342147
2021-07-19,807203.3594188805,-0.0016031655285786428
2021-07-20,808543.2924688355,0.0016599696152399535
2021-07-22,817241.0061740313,0.010757264065153427
2021-07-23,832543.3903168988,0.018724444842172838
2021-07-26,839225.9034954383,0.008026624505415692
2021-07-27,848657.9706885383,0.011239008655255622
2021-07-28,855236.266833175,0.007751410311152229
2021-07-29,864714.9173384965,0.011083078294165105
2021-07-30,881615.6522002174,0.01954486331025662
2021-08-02,895375.1306393464,0.015607116780186558
2021-08-03,904862.9175202621,0.010596437801595915
2021-08-04,917780.6582495954,0.014275909067788861
2021-08-05,928941.5780272897,0.012160770307559687
2021-08-06,935978.8017919929,0.007575528893482675
2021-08-09,945799.8265247605,0.01049278542843557
2021-08-10,950509.0086996659,0.004979047408169679
2021-08-11,957397.8818649017,0.007247562203182234
2021-08-12,965919.4197389135,0.00890072772817585
2021-08-13,974673.9531624817,0.009063420037599412
2021-08-16,983058.4914512616,0.008602403153972649
2021-08-17,993428.6499287009,0.01054887228747714
2021-08-18,1007898.1514363685,0.014565214631877321
2021-08-20,1001638.9627929411,-0.0062101400171309384
2021-08-23,1021171.7517295977,0.019500827805451815
2021-08-24,1030853.4432564288,0.00948096293344669
2021-08-25,1047706.6262575291,0.016348767238785866
2021-08-26,1056789.3489051673,0.008669146896667312
2021-08-27,1063201.5882594427,0.006067660845483047
2021-08-30,1077331.696325283,0.0132901495086859
2021-08-31,1092782.0347499591,0.014341301269958251
2021-09-01,1114261.614935371,0.019655868693272183
2021-09-02,1123423.546936169,0.008222424498872671
2021-09-03,1135366.5539237445,0.010630903206672704
2021-09-06,1149452.5470939984,0.01240655990928552
2021-09-07,1158623.6764563748,0.007978693322801877
2021-09-08,1165912.4637753998,0.006290901409263139
2021-09-09,1170358.3129925963,0.0038131929757403427
2021-09-13,1176746.9753673344,0.005458723455727288
2021-09-14,1186455.8635772169,0.008250616668763255
2021-09-15,1197791.3420388238,0.009554066703695074
2021-09-16,1217409.517577156,0.016378625266182834
2021-09-17,1237764.6928499222,0.016720072398707986
2021-09-20,1234233.6613407508,-0.0028527486117263523
2021-09-21,1243264.1895675384,0.007316708747821643
2021-09-22,1259496.4136874115,0.013056134211924197
2021-09-23,1274928.413129062,0.012252515587932722
2021-09-24,1294863.7713213104,0.015636452985874794
2021-09-27,1309765.0784506307,0.011508011467580515
2021-09-28,1327155.552939747,0.013277552421605332
2021-09-29,1346223.9925659366,0.014367901022567908
2021-09-30,1372755.3430429713,0.019707976253242387
2021-10-01,1370217.4957971226,-0.0018487250905344643
2021-10-04,1381604.5028039848,0.008310364625900402
2021-10-05,1393808.9476327451,0.00883353000369591
2021-10-06,1418334.9320481806,0.01759637463734931
2021-10-07,1425344.963664348,0.004942437401611821
2021-10-08,1459281.1502940326,0.023809104107990642
2021-10-11,1458881.9632309182,-0.00027355048273869365
2021-10-12,1476306.5591697097,0.011943801059958403
2021-10-13,1496617.8004217625,0.01375814604757708
2021-10-14,1528175.2048091756,0.02108581387881392
2021-10-18,1569485.557767754,0.02703247168817713
2021-10-19,1593246.82491834,0.015139525835701884
2021-10-20,1602680.9241502476,0.0059213042727332965
2021-10-21,1613701.675284424,0.00687644743760818
2021-10-22,1631675.3120943976,0.011138141011600267
2021-10-25,1636086.607653781,0.0027035376013142542
2021-10-26,1649381.1092042997,0.008125793273000115
2021-10-27,1667602.5260923477,0.011047426690147022
2021-10-28,1678409.0715509595,0.006480288491727437
2021-10-29,1680038.7704954147,0.0009709783938127714
2021-11-01,1697329.255648267,0.010291717939195921
2021-11-02,1727095.4192974577,0.017537059206477856
2021-11-03,1736140.4959942044,0.0052371609557195775
2021-11-04,1756029.9273696498,0.011456118569514562
2021-11-08,1772231.8661067944,0.009226459347087212
2021-11-09,1796163.058404897,0.013503420605269989
2021-11-10,1815253.8516573259,0.01062865265104751
2021-11-11,1822537.610702382,0.004012529177892077
2021-11-12,1833692.1274742195,0.006120321855821009
2021-11-15,1854273.2488943932,0.011223869651729723
2021-11-16,1879530.5238074246,0.013621118100091811
2021-11-17,1899464.589164989,0.010605874767696477
2021-11-18,1929191.0187368114,0.015649899314464255
2021-11-22,1919085.2452005316,-0.005238347803887655
2021-11-23,1925977.902575917,0.0035916368971224966
2021-11-24,1961404.3641286064,0.01839401246780037
2021-11-25,1978374.2679004192,0.008651914965709828
2021-11-26,1989919.592025421,0.005835763390338977
2021-11-29,2038100.9878981137,0.024212735060139545
2021-11-30,2051910.9396436552,0.006775891787277777
2021-12-01,2070950.459540403,0.00927892118946172
2021-12-02,2099986.59853578,0.014020682562257303
2021-12-03,2131437.979466097,0.01497694363966251
2021-12-06,2150109.669017309,0.00876013739601711
2021-12-07,2149814.2751376857,-0.00013738549427488866
2021-12-08,2175358.4937640224,0.011882058334876655
2021-12-09,2206036.340364359,0.014102432628129602
2021-12-10,2214611.075590099,0.0038869419641220926
2021-12-13,2238258.915238603,0.010678100506746002
2021-12-14,2228169.4695443283,-0.004507720543670546
2021-12-15,2242025.75171445,0.006218684152850873
2021-12-16,2259741.850283395,0.007901826531384826
2021-12-17,2271662.2645745263,0.005275122151513267
2021-12-20,2261271.130283092,-0.004574242594719724
2021-12-21,2282892.68169837,0.009561680209737133
2021-12-22,2313505.402436604,0.013409618850527716
2021-12-23,2350961.671032498,0.016190266319000113
2021-12-24,2376084.804275952,0.010686321922219966
2021-12-27,2384303.3118208586,0.0034588443687351145
2021-12-28,2413640.9896146175,0.012304507420808797
2021-12-29,2432553.939876435,0.007835858913233462
2021-12-30,2448586.6462230575,0.0065908944849284445
2021-12-31,2466439.8637526194,0.00729123372338103
2022-01-03,2499920.75289504,0.013574581579897327
2022-01-04,2542999.443015698,0.017232022283414583
2022-01-05,2570828.5019328953,0.010943399533031473
2022-01-06,2594456.711300558,0.009190892877489754
2022-01-07,2627231.0890667583,0.012632462751622109
2022-01-10,2659540.027972409,0.012297714898436007
2022-01-11,2689932.383376714,0.011427673614476719
2022-01-12,2734456.3941895748,0.01655209294033222
2022-01-13,2756186.3691319698,0.007946725714320646
2022-01-14,2781059.2780681616,0.009024392985451657
2022-01-17,2795472.344463375,0.005182581510893014
2022-01-18,2837643.034992108,0.015085354220103486
2022-01-19,2834071.3131387536,-0.0012586931510800703
2022-01-20,2849146.6955372216,0.005319337706351401
2022-01-21,2854113.320866659,0.001743197476359093
2022-01-24,2874759.518052164,0.007233839327457359
2022-01-25,2882689.842659992,0.0027586045225798106
2022-01-27,2920926.8797420724,0.013264360430394806
2022-01-28,2970795.4205705808,0.01707284806558107
2022-01-31,3008854.192477672,0.012810970302284064
2022-02-01,3049813.4354679664,0.013612903906309315
2022-02-02,3116525.56755618,0.021874168207268507
2022-02-03,3154919.828481469,0.01231957193773181
2022-02-04,3177320.9059744217,0.007100363467472004
2022-02-07,3185831.851303999,0.0026786546217518747
2022-02-08,3189631.2832616856,0.0011926027910518222
2022-02-09,3217664.929382042,0.008788992717581268
2022-02-10,3269170.0353809083,0.016006982432679173
2022-02-11,3257489.1179920007,-0.003573052873509064
2022-02-14,3234984.256738604,-0.00690865278078634
2022-02-15,3243687.92901741,0.002690483658668752
2022-02-16,3332267.1238820544,0.027308174153324538
2022-02-17,3362864.733026144,0.0091822197940854
2022-02-18,3368646.9466089904,0.0017194309143808706
2022-02-21,3374303.067565879,0.0016790483082775864
2022-02-22,3329217.818448515,-0.013361351430085655
2022-02-23,3401116.147540125,0.021596162525982177
2022-02-24,3293507.780434414,-0.03163913328380141
2022-02-25,3344456.0887995637,0.015469314712968307
2022-02-28,3371286.8903515707,0.008022470871081877
2022-03-02,3424721.6359389587,0.01584995502468667
2022-03-03,3524384.133176131,0.029100904491423885
2022-03-04,3538598.508910334,0.0040331516648253185
2022-03-07,3517863.3450327036,-0.005859710793812423
2022-03-08,3573435.721607307,0.015797195946531728
2022-03-09,3646241.332564547,0.020374120770386472
2022-03-10,3779033.1116290465,0.036418812402387424
2022-03-11,3826393.9628177644,0.012532531414709336
2022-03-14,3868978.969211731,0.011129279109202583
2022-03-15,3926753.708180397,0.014932812876063961
2022-03-16,3969383.078724836,0.010856135554321078
2022-03-17,4037889.5949641704,0.017258731364709234
2022-03-21,4096805.3663359955,0.014590733596406835
2022-03-22,4089191.5587545456,-0.001858474323435888
2022-03-23,4155986.9396359096,0.016334617716394773
2022-03-24,4169365.7842130517,0.003219173874091652
2022-03-25,4223189.613160209,0.012909356418416618
2022-03-28,4250295.565665209,0.006418360288757308
2022-03-29,4298396.207161009,0.011317010959041918
2022-03-30,4363711.921861207,0.015195368586865765
2022-03-31,4417714.220514292,0.012375312490850998
2022-04-01,4427516.6909069605,0.0022189009753390554
2022-04-04,4514336.0144392885,0.019609033594528036
2022-04-05,4590096.023953077,0.016782093595042014
2022-04-06,4599536.322614696,0.002056666922076289
2022-04-07,4630615.316525376,0.006756984124219878
2022-04-08,4666647.501493348,0.007781295250197662
2022-04-11,4732436.531968995,0.014097707284425054
2022-04-12,4750495.892781436,0.003816080932188992
2022-04-13,4792056.584097654,0.008748705872869023
2022-04-18,4794293.1548362635,0.0004667246096450306
2022-04-19,4872330.387453534,0.016277109074681828
2022-04-20,4889574.000001168,0.0035390893425530923
2022-04-21,4959880.915521225,0.01437894497967318
2022-04-22,4988674.686055517,0.005805335052336824
2022-04-25,4959082.191555568,-0.005931935105463304
2022-04-26,5020488.471694099,0.0123825897145029
2022-04-27,5057646.223359347,0.00740122238597829
2022-04-28,5131610.403201605,0.014624229646716946
2022-04-29,5193905.680408902,0.012139518067940225
2022-05-02,5132236.684578633,-0.011873337643169002
2022-05-04,5191860.53839943,0.01161751834243252
2022-05-05,5251152.284965481,0.011420134675714788
2022-05-06,5180309.114549015,-0.013490976184274084
2022-05-09,5214297.297679242,0.006561033787495507
2022-05-10,5245480.971125701,0.005980417238644842
2022-05-11,5313799.6141694905,0.013024285746122466
2022-05-12,5322392.695376243,0.001617125565638311
2022-05-13,5391784.138183961,0.013037640546140095
2022-05-16,5463075.71829766,0.013222261553243797
2022-05-17,5535769.49035728,0.013306381937219669
2022-05-18,5665486.469554682,0.023432510949626062
2022-05-19,5603819.542139172,-0.01088466590590198
2022-05-20,5701771.166462855,0.017479439440744704
2022-05-23,5807436.873736681,0.018532084888874367
2022-05-24,5853935.563406121,0.008006749049606299
2022-05-25,5887159.437397951,0.0056754765459869905
2022-05-26,5951013.23601296,0.010846283219268615
2022-05-27,6039482.150074073,0.014866193461936517
2022-05-30,6135556.082310045,0.015907644041102786
2022-05-31,6224517.500883084,0.014499324491472176
2022-06-01,6298118.792434173,0.011824417160148926
2022-06-02,6339695.169337065,0.0066013961109843144
2022-06-03,6453844.64444746,0.018005514786025856
2022-06-06,6348948.290802069,-0.01625331247098394
2022-06-07,6359805.38999837,0.0017100626275425856
2022-06-08,6440173.263078696,0.012636844707027528
2022-06-09,6440725.824959482,8.579922592355516e-05
2022-06-10,6462716.695600049,0.0034143466494640506
2022-06-13,6403730.052842146,-0.009127220878808129
2022-06-14,6400410.870602753,-0.0005183201371705692
2022-06-15,6461405.408606888,0.009529784764956917
2022-06-16,6520035.277351425,0.0090738570073996
2022-06-17,6392896.519526522,-0.01949970397653278
2022-06-20,6455249.074840411,0.009753412263664663
2022-06-21,6547669.881135677,0.014317155732298525
2022-06-22,6620357.50913001,0.011101296997845234
2022-06-23,6641241.636216484,0.0031545316182204353
2022-06-24,6772264.151999239,0.019728617472409615
2022-06-27,6890931.495497648,0.017522550927576708
2022-06-28,6913214.838090117,0.00323371994149535
2022-06-29,6932874.641830269,0.0028438004894382196
2022-06-30,6995235.850064655,0.008995000119881302
2022-07-01,6982789.664116251,-0.0017792375003751193
2022-07-04,7078518.980168493,0.013709322585525374
2022-07-05,7150903.779821183,0.010225980866263917
2022-07-06,7154451.101738482,0.0004960662353350465
2022-07-07,7320262.699136252,0.023176005404171196
2022-07-08,7486281.983571654,0.022679416198409408
2022-07-11,7502557.091992492,0.002173990835043771
2022-07-12,7582071.041667601,0.010598246531169364
2022-07-13,7616831.97794204,0.004584622866682375
2022-07-14,7684866.150251716,0.008932082591121882
2022-07-15,7739020.863571247,0.0070469299348507874
2022-07-18,7848798.228606935,0.01418491653801146
2022-07-19,7929904.340537333,0.010333570766896116
2022-07-20,8088785.001524709,0.020035633995631574
2022-07-21,8129539.930017804,0.005038448726899292
2022-07-22,8244487.6741310395,0.01413951405648417
2022-07-25,8321597.697407516,0.009352918740897165
2022-07-26,8367048.033906493,0.005461732007681297
2022-07-27,8412086.503019582,0.005382838598580575
2022-07-28,8562437.693278544,0.017873233971737124
2022-07-29,8752443.183516745,0.022190583691762633
2022-08-01,8888728.777441671,0.015571148657278933
2022-08-02,9019796.538520861,0.014745388723280906
2022-08-03,9105175.60066823,0.009465741470191524
2022-08-04,9164203.224650564,0.006482864973850866
2022-08-05,9245809.191152304,0.008904862157817606
2022-08-08,9292515.939956808,0.0050516669594695696
2022-08-10,9403549.29107024,0.011948685569211692
2022-08-11,9516118.638853004,0.011970942491859038
2022-08-12,9550073.705588391,0.003568163452350559
2022-08-16,9689802.391451566,0.014631163085307985
2022-08-17,9875368.844032245,0.019150695244764426
2022-08-18,10023931.789985934,0.01504378705241649
2022-08-19,10134043.739829656,0.010984906137701866
2022-08-22,10076613.181421682,-0.005667092019965847
2022-08-23,9904804.897042694,-0.0170502014204289
2022-08-24,10035786.607806016,0.01322405762908363
2022-08-25,10148749.675984586,0.011256025321493501
2022-08-26,10212158.426147422,0.006247937153567085
2022-08-29,10071532.601797216,-0.013770431135316619
2022-08-30,10254787.297764659,0.018195313783201383
2022-09-01,10300868.57420653,0.0044936355190823285
2022-09-02,10447107.421541553,0.014196749165522604
2022-09-05,10558438.030861467,0.010656596589631473
2022-09-06,10667988.632285668,0.010375644683805696
2022-09-07,10719718.51291896,0.004849075342725495
2022-09-08,10894208.082222046,0.016277439476866773
2022-09-09,11032690.912525749,0.01271160136271754
2022-09-12,11178434.823594881,0.013210187090772596
2022-09-13,11303831.534023473,0.011217734182598749
2022-09-14,11274378.234758329,-0.002605603168845283
2022-09-15,11490116.25612814,0.019135247805036615
2022-09-16,11618627.390780924,0.011184493854380584
2022-09-19,11655252.597826624,0.003152283468076611
2022-09-20,11810515.918282585,0.013321317504943142
2022-09-21,11963961.445817752,0.0129922798120643
2022-09-22,11967768.548063269,0.000318214185389909
2022-09-23,12030273.171776177,0.0052227467018506335
2022-09-26,11927512.301370138,-0.008541856775715062
2022-09-27,12065161.702112589,0.011540495391200611
2022-09-28,12047563.809413645,-0.0014585708118493024
2022-09-29,12200751.788768237,0.012715266071875453
2022-09-30,12267144.07900947,0.005441655677509205
2022-10-03,12510210.19517037,0.019814401346831545
2022-10-04,12673955.529728584,0.013088935517760358
2022-10-06,12885679.648724148,0.016705449099843728
2022-10-07,13004789.64058945,0.009243594060410754
2022-10-10,12923980.552868746,-0.006213794298408959
2022-10-11,13093372.69430834,0.013106808753437393
2022-10-12,13102546.755188983,0.0007006644578773091
2022-10-13,13220266.939680891,0.008984526954295191
2022-10-14,13371291.941740636,0.011423748306204073
2022-10-17,13271136.240253257,-0.007490353357309298
2022-10-18,13448363.211372258,0.013354317815037264
2022-10-19,13622580.108850246,0.012954505670300875
2022-10-20,13650799.660061056,0.002071527639061266
2022-10-21,13860759.802267838,0.0153807943443105
2022-10-24,14054776.841528742,0.01399757603686047
2022-10-25,14123701.8151492,0.004904024759525116
2022-10-27,14291053.66893901,0.011849007857862581
2022-10-28,14399229.491208043,0.007569478414607644
2022-10-31,14587215.265407506,0.013055266208115146
2022-11-01,14753499.391821612,0.011399305720018793
2022-11-02,14923127.20657962,0.011497463093538274
2022-11-03,14903738.214212267,-0.0012992579972651574
2022-11-04,14998754.572026996,0.006375337277738868
2022-11-07,15248514.147304839,0.016652020944702306
2022-11-09,15473082.516909774,0.014727229645822737
2022-11-10,15581712.259977961,0.007020562512315864
2022-11-11,15786815.685170174,0.01316308642914854
2022-11-14,15936031.522596687,0.009451927507247992
2022-11-15,16067887.360918812,0.008274069873365875
2022-11-16,16191928.361183872,0.0077198076809250615
2022-11-17,16225570.335777938,0.0020777003111447367
2022-11-18,16302392.15391326,0.0047346143491748816
2022-11-21,16243220.97486557,-0.003629601011253092
2022-11-22,16311614.171818374,0.004210568646368484
2022-11-23,16438679.190186715,0.007789849430589912
2022-11-24,16530652.197861336,0.00559491468934592
2022-11-25,16731980.787841076,0.012179107488922147
2022-11-28,16833213.08938383,0.006050228172405969
2022-11-29,16976806.789349027,0.008530379744064343
2022-11-30,17156596.932148084,0.010590339221617118
2022-12-01,17403030.897519603,0.014363802235730638
2022-12-02,17487613.778701484,0.004860238522816029
2022-12-05,17616699.637205735,0.007381559321802289
2022-12-06,17682355.831167754,0.003726929295164716
2022-12-07,17772644.826385703,0.005106163233000949
2022-12-08,17807667.029322676,0.001970567874342466
2022-12-09,17954466.60229358,0.008243616231659034
2022-12-12,17969784.947496884,0.0008531774038524897
2022-12-13,18154883.867500607,0.010300564004774415
2022-12-14,18315282.739499237,0.008835026055207251
2022-12-15,18449648.916762266,0.007336287360350191
2022-12-16,18456209.614363283,0.00035560013258884027
2022-12-19,18450200.59708798,-0.00032558241377078634
2022-12-20,18567597.453806352,0.0063629040833790285
2022-12-21,18689954.716082048,0.0065898273904367866
2022-12-22,18922436.74843856,0.012438876171084079
2022-12-23,18778437.631368734,-0.007609966886622521
2022-12-26,18767003.45170972,-0.000608899413437447
2022-12-27,19079284.68241047,0.016639909056568092
2022-12-28,19179198.546313416,0.005236772005140056
2022-12-29,19202589.317333546,0.001219590639496504
2022-12-30,19452088.080637816,0.012992975019210373
2023-01-02,19609430.24025575,0.00808870281512597
2023-01-03,19686586.23116789,0.0039346370581307966
2023-01-04,19842709.497522093,0.007930438752607571
2023-01-05,19842150.055228356,-2.8193845896251624e-05
2023-01-06,20021834.89117343,0.009055713994952308
2023-01-09,20135139.53330252,0.005659053865189945
2023-01-10,20336586.66102371,0.010004754493407209
2023-01-11,20493401.731821872,0.0077109828415162784
2023-01-12,20659087.246808246,0.008084822478695575
2023-01-13,20768319.326506272,0.005287362330826273
2023-01-16,20976550.91690275,0.010026405465112243
2023-01-17,21109373.53746682,0.006331957102492014
2023-01-18,21286613.46616267,0.008396266633932559
2023-01-19,21379811.9790916,0.004378268674680275
2023-01-20,21417619.44566795,0.00176837226694615
2023-01-23,21580794.582415257,0.007618733592743565
2023-01-24,21776215.546089303,0.009055318279767244
2023-01-25,21891228.860073768,0.005281602477760217
2023-01-27,22048628.590635277,0.007190081998940778
2023-01-30,22187879.581322007,0.006315630476258827
2023-01-31,22425773.326801103,0.010721788200047655
2023-02-01,22819445.467978273,0.017554451096974732
2023-02-02,22938163.2334413,0.005202482489314653
2023-02-03,23451276.541404556,0.022369415665121517
2023-02-06,23890820.73751282,0.0187428686592912
2023-02-07,24215380.4264575,0.013585120934546335
2023-02-08,24676682.96220761,0.019049980947071887
2023-02-09,24931920.72226275,0.010343276705626847
2023-02-10,25090075.195286483,0.006343453229518348
2023-02-13,25216938.266958088,0.00505630496059406
2023-02-14,25340193.83857812,0.0048878087543853255
2023-02-15,25502984.699569296,0.006424215301121361
2023-02-16,25917975.24470433,0.016272234408000186
2023-02-17,26105358.375440665,0.007229852215196564
2023-02-20,26327948.38079638,0.008526602169350861
2023-02-21,26551315.678860098,0.008484037374770992
2023-02-22,26571953.660574608,0.000777286593407478
2023-02-23,26622141.50670335,0.001888752583638853
2023-02-24,26787152.201254062,0.006198250223753199
2023-02-27,26896226.4114481,0.004071885259566033
2023-02-28,27031479.132912986,0.0050286876454652685
2023-03-01,27693785.248070013,0.02450129021429004
2023-03-02,28000124.231818486,0.011061650872367546
2023-03-03,28536827.04833713,0.019167872687820164
2023-03-06,28899349.19235332,0.012703659849853999
2023-03-08,29003952.4050404,0.003619569838436254
2023-03-09,29276815.623685166,0.00940779431831329
2023-03-10,29050710.045568965,-0.00772302497042332
2023-03-13,29322127.08414841,0.009342871074534909
2023-03-14,29055156.287379313,-0.009104755463440473
2023-03-15,29169810.39415731,0.0039460846688956774
2023-03-16,29304375.702109985,0.004613170470920469
2023-03-17,29688947.39129545,0.013123353764461054
2023-03-20,29713040.59175708,0.0008115208715244737
2023-03-21,29988426.46062711,0.009268182030028438
2023-03-22,30283845.37111565,0.009851097418412724
2023-03-23,30311729.714291964,0.0009207662644754588
2023-03-24,30438429.842024487,0.004179904245873001
2023-03-27,30373836.12581615,-0.002122110652342357
2023-03-28,30515760.90634678,0.004672599797494792
2023-03-29,30514580.097350094,-3.869505336306922e-05
2023-03-31,31097452.322069254,0.01910143357239824
2023-04-03,31442069.295027554,0.011081839418521477
2023-04-05,31702486.672541175,0.008282450339704761
2023-04-06,31932654.318250943,0.007260239491217124
2023-04-10,32325271.501643114,0.012295162797280268
2023-04-11,32682689.983936824,0.011056936746085544
2023-04-12,32968553.723930553,0.008746640504016856
2023-04-13,33333467.56974468,0.011068542735293008
2023-04-17,33835462.61842853,0.015059790813347185
2023-04-18,34367708.137504905,0.01573040466680342
2023-04-19,34730328.00147854,0.010551179686547396
2023-04-20,34932476.01509599,0.005820504016225803
2023-04-21,35066359.46445907,0.0038326355482281027
2023-04-24,35317040.63426315,0.007148765187847683
2023-04-25,35556883.075292684,0.006791125097748152
2023-04-26,35741747.72046158,0.005199124028319346
2023-04-27,35940843.232347466,0.005570391057623247
2023-04-28,36274237.83778278,0.009276204324979442
2023-05-02,36792892.656800516,0.014298158967175123
2023-05-03,36932508.81001145,0.0037946500840053687
2023-05-04,37019986.29164914,0.002368576748676743
2023-05-05,37343008.75138526,0.008725623429228113
2023-05-08,37554542.075794086,0.005664603134073465
2023-05-09,37968790.839811385,0.011030590206139168
2023-05-10,38235346.84427438,0.007020397504560627
2023-05-11,38416062.92989262,0.004726414183040317
2023-05-12,38721242.12622649,0.007944051864211321
2023-05-15,39007290.11467949,0.007387366023035025
2023-05-16,39352188.33637889,0.008841891366598631
2023-05-17,39451164.822228335,0.00251514566365163
2023-05-18,39630935.34024652,0.0045567860626740675
2023-05-19,39446888.84996937,-0.004644010763234285
2023-05-22,39607269.48903404,0.00406573607552807
2023-05-23,40315126.79458122,0.01787190368533631
2023-05-24,40831567.5335889,0.012810098344453014
2023-05-25,41110903.08489353,0.006841166484114147
2023-05-26,41369023.78991852,0.006278643514397331
2023-05-29,41981812.49515252,0.014812742702024595
2023-05-30,42253215.9987713,0.006464787666090377
2023-05-31,42268487.82496767,0.00036143583003966917
2023-06-01,42546331.16997339,0.006573297491887065
2023-06-02,42980752.98715847,0.010210558824674143
2023-06-05,43266512.50336029,0.006648546066356564
2023-06-06,43530601.44246324,0.006103772266887519
2023-06-07,43961484.17335029,0.009898386803972148
2023-06-08,44399749.02762055,0.00996929158583626
2023-06-09,44495155.83414616,0.0021488140950134405
2023-06-12,44552409.68599258,0.0012867434841634662
2023-06-13,44896137.68228647,0.007715138164613222
2023-06-14,45192020.51861495,0.006590385088854012
2023-06-15,45476660.32172421,0.006298452687947931
2023-06-16,45846511.40941904,0.008132767117864814
2023-06-19,46354354.52394235,0.011077028522152199
2023-06-20,46603171.36790266,0.005367712408373526
2023-06-21,46975359.02911441,0.00798631617306822
2023-06-22,47135640.94596544,0.0034120424018833084
2023-06-23,47084134.71775593,-0.0010927236200851675
2023-06-26,47148031.324060865,0.0013570729649798885
2023-06-27,47615166.611957975,0.009907842910478415
2023-06-28,48038407.88585043,0.00888879119843633
2023-06-30,48663443.90442283,0.013011172644555868
2023-07-03,49293410.607810065,0.01294537856022937
2023-07-04,50082029.34011908,0.015998461510067674
2023-07-05,50530527.54322658,0.008955272160831251
2023-07-06,51245132.020362504,0.014142034763532152
2023-07-07,51785504.51207696,0.010544855099597239
2023-07-10,52113334.67097195,0.006330539056900397
2023-07-11,52561947.12968443,0.00860840054747758
2023-07-12,52954676.816027395,0.007471749198597832
2023-07-13,53164444.868763536,0.003961275289525501
2023-07-14,53548670.26621014,0.007227111999289493
2023-07-17,54205715.11668982,0.012270049792334259
2023-07-18,54736967.87958541,0.009800678060458035
2023-07-19,54957371.205880694,0.004026589978095796
2023-07-20,55261124.203479074,0.0055270656316595
2023-07-21,55484311.82440491,0.004038781768246791
2023-07-24,55882531.88782787,0.007177165045918477
2023-07-25,56109911.231784075,0.0040688804940445245
2023-07-26,56599859.74131631,0.00873194233917629
2023-07-27,57007866.88545902,0.007208624650440143
2023-07-28,57221234.650372714,0.0037427775598479762
2023-07-31,57822712.81767723,0.010511450355442431
2023-08-01,58419349.33810048,0.01031837648822398
2023-08-02,58825610.80513515,0.0069542278652137135
2023-08-03,58816503.60043733,-0.00015481700186659175
2023-08-04,59132950.008975476,0.005380231553508974
2023-08-07,59655029.50792342,0.008828910089361264
2023-08-08,60184966.717916265,0.008883361794707723
2023-08-09,60619036.485865094,0.007212262324299168
2023-08-10,61161646.07274378,0.00895114172600242
2023-08-11,61453536.05180528,0.004772434978521201
2023-08-14,61506409.712770894,0.0008603843547918544
2023-08-16,61681084.2792168,0.002839940865702051
2023-08-17,62110549.44264084,0.006962672080794485
2023-08-18,62384359.560018,0.004408431737188634
2023-08-21,62785730.17335616,0.006433833995715066
2023-08-22,63393074.372691944,0.009673284003528515
2023-08-23,63700333.988618806,0.004846895642266258
2023-08-24,64299028.857350394,0.009398614281026507
2023-08-25,64090253.09158498,-0.0032469505290443346
2023-08-28,64536530.81205917,0.00696326974768624
2023-08-29,64855244.100530915,0.004938494283181827
2023-08-30,65322590.20814887,0.007205987952084936
2023-08-31,65525879.83568114,0.003112087669587149
2023-09-01,65715236.5213788,0.0028897999717441003
2023-09-04,67005376.90748027,0.01963228703714326
2023-09-05,67868185.5031216,0.012876706847462005
2023-09-06,68224794.44850254,0.005254434647653072
2023-09-07,68485172.83897698,0.003816477463643775
2023-09-08,69424756.60727347,0.013719521019617709
2023-09-11,70156530.13944559,0.010540527153903634
2023-09-12,71005893.77364904,0.01210669388174157
2023-09-13,71000292.22840977,-7.888845476866635e-05
2023-09-14,71837490.90027806,0.011791482057214697
2023-09-15,72512785.82597464,0.009400313363310486
2023-09-18,72977561.06765391,0.0064095626224414115
2023-09-20,73293380.13397163,0.00432761881456889
2023-09-21,73543714.04191394,0.003415505022209775
2023-09-22,73638156.86297065,0.0012841725807168913
2023-09-25,73914566.35209672,0.003753617701763412
2023-09-26,74341130.33027665,0.005771040800645055
2023-09-27,74494864.13084619,0.0020679508084762155
2023-09-28,74941123.58425033,0.005990472747494646
2023-09-29,75185745.26079611,0.0032641848006291774
2023-10-03,75630479.62268734,0.005915142030561427
2023-10-04,75538679.80667093,-0.0012137939158178845
2023-10-05,76089450.89846872,0.007291245931321466
2023-10-06,76567451.0213879,0.00628208138283215
2023-10-09,76713192.33917157,0.0019034369805905893
2023-10-10,77110766.04513378,0.0051825988964768754
2023-10-11,77902138.39932448,0.010262799797987832
2023-10-12,78604849.22079672,0.009020430451731176
2023-10-13,79159551.89565045,0.007056850567775941
2023-10-16,79878067.06723973,0.009076796853732194
2023-10-17,80417558.69403496,0.006753939430470979
2023-10-18,80926065.57842773,0.006323331529218379
2023-10-19,81138383.17104505,0.0026235995917971433
2023-10-20,81567704.98223011,0.0052912295563003475
2023-10-23,81502609.1606416,-0.0007980587611566836
2023-10-25,81698110.86589557,0.002398717136388173
2023-10-26,81409369.52457635,-0.0035342474661766987
2023-10-27,81950785.03641821,0.006650530706768576
2023-10-30,82889622.20942153,0.011456109573399598
2023-10-31,83675146.40004013,0.009476749557790987
2023-11-01,84489720.33648773,0.009734956812064821
2023-11-02,85367493.81168619,0.010389115642739144
2023-11-03,86177768.54979326,0.00949160742488786
2023-11-06,87037363.57019623,0.009974672527129691
2023-11-07,87788039.39612392,0.008624753728003975
2023-11-08,88521290.5059354,0.008352517209125221
2023-11-09,89094306.34017724,0.0064731979274907925
2023-11-10,89784019.9429174,0.007741388098434943
2023-11-13,90331781.11749409,0.006100876023650281
2023-11-15,91674992.65253343,0.014869755897896297
2023-11-16,92472537.4015356,0.00869969798661474
2023-11-17,93506529.86914411,0.011181616690355334
2023-11-20,94209211.75746916,0.007514789494470708
2023-11-21,94754783.55221333,0.005791066335940398
2023-11-22,95062485.27660802,0.003247347657389099
2023-11-23,95655707.53048132,0.006240340257749111
2023-11-24,96415739.98496051,0.007945500316716592
2023-11-28,97014714.07735495,0.00621240984602589
2023-11-29,98407402.00001398,0.014355429853130985
2023-11-30,99208489.78428213,0.008140523659673882
2023-12-01,100714367.38500436,0.015178918699363164
2023-12-04,103125761.1611466,0.023942897510581762
2023-12-05,105087566.74105191,0.019023428848585766
2023-12-06,108133613.96571928,0.028985800310451504
2023-12-07,108605677.05219468,0.004365553588406401
2023-12-08,109146518.48886296,0.004979863404454887
2023-12-11,109343168.18418242,0.001801703783520292
2023-12-12,109879951.50047049,0.00490916190926427
2023-12-13,110292750.9894298,0.0037568226352697742
2023-12-14,111819059.87905017,0.013838705408360408
2023-12-15,113419282.26312946,0.014310819513329687
2023-12-18,115138582.86349936,0.015158803389190734
2023-12-19,116010174.40856417,0.0075699346247652954
2023-12-20,117554683.26021035,0.013313563741458978
2023-12-21,114394970.1311565,-0.026878666518625582
2023-12-22,116086309.98271275,0.0147850893235697
2023-12-26,117285884.2986087,0.010333469261574413
2023-12-27,118477079.65574849,0.010156340332541758
2023-12-28,119783571.06203254,0.011027376857027926
2023-12-29,120757666.16017644,0.00813212604622926
2024-01-01,121752985.2566043,0.008242284966882618
2024-01-02,122864790.90423797,0.00913164999848215
2024-01-03,124368966.83496082,0.012242530342929658
2024-01-04,125095313.67386383,0.005840257882554267
2024-01-05,126432834.72333165,0.010692015633414265
2024-01-08,127399790.72796214,0.007647981687244787
2024-01-09,128171461.40391423,0.006057079619540717
2024-01-10,129037543.83023714,0.006757217377693525
2024-01-11,130569855.72024685,0.011874930694787844
2024-01-12,131717453.42619166,0.008789147384857365
2024-01-15,134634623.94013202,0.022147182761736328
2024-01-16,135156882.0847829,0.003879077531223407
2024-01-17,134730676.9581044,-0.003153410467186868
2024-01-18,135261418.26210877,0.003939275864912384
2024-01-19,136977416.54684544,0.01268653180474133
2024-01-23,139441775.48456508,0.017990987126530023
2024-01-24,140461292.42656806,0.007311416815083849
2024-01-25,142767464.86763996,0.016418562019693494
2024-01-29,143709480.35378897,0.006598250427871433
2024-01-30,147033625.87778667,0.023131010673855368
2024-01-31,148125056.7268787,0.007423001660852968
2024-02-01,150157771.51300514,0.01372296376483062
2024-02-02,151795064.7656436,0.010903819603480525
2024-02-05,154590781.68910748,0.01841770631858286
2024-02-06,156910265.56520906,0.015004024501061197
2024-02-07,160274704.204572,0.021441800682981738
2024-02-08,161913008.8586316,0.010221854173372957
2024-02-09,164364254.87649214,0.015139277783422278
2024-02-12,166503904.47323897,0.01301773063951539
2024-02-13,167932682.5277569,0.008581048348614395
2024-02-14,167944580.86163417,7.085180620092224e-05
2024-02-15,171495280.53691813,0.02114209137959211
2024-02-16,174349377.75999588,0.016642424293788816
2024-02-19,176509742.1336799,0.012391007076939076
2024-02-20,178185768.349363,0.009495375130137429
2024-02-21,179922414.96425873,0.009746270035947857
2024-02-22,179981972.7084337,0.0003310190349923303
2024-02-23,182284279.3278081,0.01279187345670496
2024-02-26,182522062.34098455,0.0013044625354050599
2024-02-27,183989767.11774832,0.008041245852360657
2024-02-28,185632861.57957688,0.008930357853961679
2024-02-29,185556207.76032904,-0.0004129323795128981
2024-03-01,187398683.13834468,0.009929473124366872
2024-03-04,191041153.76384583,0.019437012920801244
2024-03-05,192809595.1071517,0.009256860673548362
2024-03-06,193890157.08881855,0.005604295683865557
2024-03-07,196305479.577016,0.012457169174869609
2024-03-11,198453164.52857184,0.010940524717820033
2024-03-12,199276606.08775747,0.004149299211941182
2024-03-13,201456896.72155315,0.010941026528901832
2024-03-14,201356196.7566189,-0.0004998586128001081
2024-03-15,203998239.72933912,0.013121239948297614
2024-03-18,205523849.10107207,0.007478541843091824
2024-03-19,207438876.59770644,0.00931778723009713
2024-03-20,207959149.3859424,0.0025080775444275005
2024-03-21,210236872.90732357,0.010952744941046255
2024-03-22,210503471.9117024,0.0012680887072380465
2024-03-26,212242635.99187762,0.008261925869349707
2024-03-27,214513818.54185587,0.01070087798035635
2024-03-28,215771421.10153273,0.005862571316968435
2024-04-01,219470892.21196908,0.017145324860679878
2024-04-02,222470974.47695208,0.013669613472411912
2024-04-03,224416188.67736536,0.008743676360418062
2024-04-04,228074857.63121465,0.016303052713853905
2024-04-05,229429954.6661391,0.0059414573311520336
2024-04-08,231357510.00487417,0.008401498145871988
2024-04-09,234769608.03834218,0.014748161982708563
2024-04-10,238726546.1467657,0.016854558566955946
2024-04-12,240308806.36839378,0.006627919044475794
2024-04-15,238280658.37815174,-0.00843975724773427
2024-04-16,238315282.07634178,0.000145306372853371
2024-04-18,240821876.5747595,0.010517976340328694
2024-04-19,239526221.14411053,-0.005380140081446272
2024-04-22,244056746.81331548,0.018914529054750773
2024-04-23,246680024.423989,0.01074863794968195
2024-04-24,249690814.56201616,0.012205245013484634
2024-04-25,252549082.74534482,0.011447230000600328
2024-04-26,256736792.6905578,0.016581766600338943
2024-04-29,259488814.7925699,0.010719235342824707
2024-04-30,262481980.76747465,0.011534855470735517
2024-05-02,265299419.05278954,0.010733835050607876
2024-05-03,269307394.39629424,0.01510736569953508
2024-05-06,272631136.1262486,0.012341813849579442
2024-05-07,275146143.4272332,0.009224945238169635
2024-05-08,277204208.55452645,0.007479898143066377
2024-05-09,281512660.09719276,0.01554251851056887
2024-05-10,281703289.330686,0.0006771604283353216
2024-05-13,285328810.3086275,0.012869998737166322
2024-05-14,289480941.28241163,0.014552091565141811
2024-05-15,293444280.33522844,0.013691191673134151
2024-05-16,297242274.1152876,0.012942810729588361
2024-05-17,300008234.87344956,0.009305408412698224
2024-05-21,304433594.2639414,0.014750793065258838
2024-05-22,311177175.1486028,0.022151237615434693
2024-05-23,312783235.7342411,0.005161241613789169
2024-05-24,317068651.11382484,0.01370091133408713
2024-05-27,319906256.4451777,0.008949498228174368
2024-05-28,320241522.22964704,0.001048012590297187
2024-05-29,322547505.0403291,0.00720076145849835
2024-05-30,324315830.6343438,0.005482372569564964
2024-05-31,325726592.24767923,0.0043499622284119965
2024-06-03,339334025.4757715,0.04177562886159847
2024-06-04,343098390.9071586,0.011093392199939878
2024-06-05,351006231.03979397,0.0230483159997541
2024-06-06,362755771.87217003,0.033473881069205236
2024-06-07,366395471.8548084,0.0100334722831672
2024-06-10,374870939.8900382,0.023132021780521317
2024-06-11,377553747.0815706,0.007156615533653765
2024-06-12,381541184.489233,0.010561244428070493
2024-06-13,385300324.6060879,0.009852514668599266
2024-06-14,388036198.8197801,0.0071006278452767635
2024-06-18,392265088.03163403,0.010898182243605614
2024-06-19,394404911.8308447,0.00545504523471152
2024-06-20,396547097.2008694,0.0054314368451462425
2024-06-21,400290372.6303275,0.00943967426790171
2024-06-24,400126221.0868958,-0.0004100811677109073
2024-06-25,404434923.7257831,0.010768358612397888
2024-06-26,408167257.9719012,0.00922851620165388
2024-06-27,411303929.64135873,0.0076847704175073694
2024-06-28,417290845.74100286,0.014555941891594593
2024-07-01,420167348.77852994,0.006893280949931135
2024-07-02,425040376.0814256,0.011597824812094704
2024-07-03,429579540.73939174,0.01067937286291265
2024-07-04,434704281.32049346,0.011929666325079191
2024-07-05,437616087.86416805,0.006698361780172579
2024-07-08,442392327.73238593,0.010914223678404555
2024-07-09,447031079.8411025,0.010485607045885859
2024-07-10,450617823.4861769,0.008023477129038392
2024-07-11,454803519.4760817,0.00928879367780544
2024-07-12,459584002.8836668,0.010511095897173472
2024-07-15,465693611.20059603,0.013293779327814725
2024-07-16,470122709.95658976,0.009510756964380862
2024-07-18,471663137.67895424,0.0032766503079733056
2024-07-19,477957528.5091007,0.01334509807385209
2024-07-22,476144275.20610535,-0.0037937540363710553
2024-07-23,482257450.1596876,0.012838913060408075
2024-07-24,486277847.59755427,0.00833662069198815
2024-07-25,489141837.9423805,0.005889617137559755
2024-07-26,497718974.2440123,0.017535069863809483
2024-07-29,508416892.5676616,0.021493892893873268
2024-07-30,513366323.9699761,0.00973498613965873
2024-07-31,519503041.12142575,0.011953875556139026
2024-08-01,525571408.5522049,0.011681100879948003
2024-08-02,525651001.68691075,0.00015144114274612264
2024-08-05,518996990.1357071,-0.012658610998266373
2024-08-06,522376456.0005218,0.006511532685249399
2024-08-07,528330673.62938017,0.01139832693541698
2024-08-08,532723695.5640666,0.008314909873599508
2024-08-09,541239189.739249,0.015984823363574874
2024-08-12,542130149.8705492,0.0016461485941723364
2024-08-13,545666640.9513355,0.006523324854061041
2024-08-14,548642755.9793859,0.005454090106849163
2024-08-16,553654285.6716496,0.009134413309290101
2024-08-19,561780586.4036094,0.014677572164192076
2024-08-20,568347484.4218109,0.01168943565715086
2024-08-21,573891861.668594,0.0097552595881083
2024-08-22,580651076.5432444,0.011777854550852007
2024-08-23,584400312.5637658,0.006456951811476097
2024-08-26,588837838.4302921,0.007593298242875468
2024-08-27,594038938.0261685,0.008832821630045506
2024-08-28,597712418.2222213,0.006183904725604039
2024-08-29,600429550.9659563,0.00454588638431952
2024-08-30,606443515.7785529,0.010016103975764468
2024-09-02,612637126.3254193,0.010213004815320836
2024-09-03,619027674.4349552,0.010431212597033168
2024-09-04,616717955.1805425,-0.0037312051622264697
2024-09-05,622300411.0049419,0.00905187821678588
2024-09-06,622461456.7704638,0.0002587910319098441
2024-09-09,620668271.500832,-0.0028807972768876144
2024-09-10,624659751.1310805,0.006430938737365777
2024-09-11,630147029.4632484,0.008784427557933627
2024-09-12,635186398.0100008,0.007997131321947126
2024-09-13,644905516.5989437,0.01530120704629745
2024-09-16,649853202.2009505,0.007671954223774646
2024-09-17,653140158.2640232,0.005057997793871394
2024-09-18,655082947.245879,0.002974536104194847
2024-09-19,661109824.1148,0.009200173648633792
2024-09-20,664118973.2305646,0.00455166298548626
2024-09-23,673180008.8425733,0.013643693339962626
2024-09-24,681312192.9469397,0.012080251934914799
2024-09-25,685795761.7235031,0.00658078458447986
2024-09-26,691209607.4874966,0.007894253750398983
2024-09-27,700938052.4335036,0.014074522171891202
2024-09-30,704337849.0135671,0.0048503524216727545
2024-10-01,709635342.0112008,0.007521238571877031
2024-10-03,708480448.0646285,-0.0016274470537208652
2024-10-04,707413956.1382939,-0.0015053230180847033
2024-10-07,711511212.1750002,0.005791878999776623
2024-10-08,711201692.4745673,-0.00043501731966633095
2024-10-09,723024750.2358129,0.01662405740361539
2024-10-10,730994693.4225996,0.0110230572109562
2024-10-11,735567874.7389911,0.006256107407537348
2024-10-14,741110348.5196902,0.007534959003838715
2024-10-15,748659867.1884483,0.010186767306431088
2024-10-16,751150887.9631726,0.0033273064096237537
2024-10-17,754210476.8333583,0.004073201428919537
2024-10-18,756431726.8478835,0.002945132801458028
2024-10-21,765006563.0920419,0.011335902421611088
2024-10-22,772443659.2714367,0.00972161094845414
2024-10-23,767979865.5406263,-0.005778795226334843
2024-10-24,773300371.4374771,0.006927923680792647
2024-10-25,778655605.1595097,0.006925166364627255
2024-10-28,783391634.1156106,0.006082315371159108
2024-10-29,790925347.7013463,0.00961679096080803
2024-10-30,800520517.5876042,0.012131574634880682
2024-10-31,808916645.4035738,0.010488335566053442
2024-11-01,813217141.229645,0.005316364610009616
2024-11-04,815163193.720084,0.002393029354369469
2024-11-05,821485191.4078603,0.007755499434322077
2024-11-06,834655594.3936061,0.01603242897559043
2024-11-07,847804054.6745266,0.015753156594455087
2024-11-08,845198141.0623672,-0.0030737215725629152
2024-11-11,846549419.3814594,0.0015987710495832808
2024-11-12,856778170.1851877,0.012082874985847925
2024-11-13,837827683.8059378,-0.022118311412105518
2024-11-14,833894489.4463767,-0.004694514678357353
2024-11-18,843223325.6403608,0.01118707020138432
2024-11-19,849974255.8400218,0.008006099919655618
2024-11-21,851655244.9879916,0.0019776941906415324
2024-11-22,862897354.9413732,0.01320030613272416
2024-11-25,891367375.1850084,0.03299351896329483
2024-11-26,899934075.8582795,0.009610740657288508
2024-11-27,906747168.9509726,0.007570657979802942
2024-11-28,912840088.5967,0.006719535339466676
2024-11-29,914425183.6100585,0.0017364432534896501
2024-12-02,924838227.7515479,0.011387529923858608
2024-12-03,935655830.9166278,0.011696751756660628
2024-12-04,944984995.3159873,0.009970722236850804
2024-12-05,952497959.6848047,0.007950353080796946
2024-12-06,960978542.8004642,0.008903518405924737
2024-12-09,966384788.592178,0.005625771597312701
2024-12-10,975085281.1074415,0.009003134794721257
2024-12-11,977932299.5752754,0.002919763556066046
2024-12-12,982319081.4132059,0.004485772522122122
2024-12-13,981930911.1673489,-0.0003951569843259062
2024-12-16,992272937.8442929,0.010532336398952014
2024-12-17,995470779.4748276,0.0032227439735301733
2024-12-18,987095139.3913316,-0.008413747802737848
2024-12-19,983038997.2400947,-0.0041091704227598225
2024-12-20,992364117.0243127,0.009486012060964555
2024-12-23,994901455.6962124,0.0025568625753096264
2024-12-24,997872423.1681846,0.0029861927077925454
2024-12-26,1000809573.0557256,0.002943412223193498
2024-12-27,1008541201.8978058,0.0077253745869692025
2024-12-30,1012709620.3843061,0.004133116702278894
2024-12-31,1021417691.6366144,0.008598783972254331
2025-01-01,1027485335.906754,0.005940414308290842
2025-01-02,1034665317.0031663,0.006987915881131235
2025-01-03,1054156439.4265774,0.018838093925739985
2025-01-06,1062473403.873998,0.007889687086619412
2025-01-07,1058694644.5827641,-0.003556568359693313
2025-01-08,1065339146.4843596,0.0062761268658482194
2025-01-09,1072738227.0032126,0.0069452817379986875
2025-01-10,1078358527.1825871,0.0052392093782984706
2025-01-13,1081223060.4060667,0.0026563829665851024
2025-01-14,1084526475.4027324,0.0030552576222571126
2025-01-15,1105612729.7557588,0.019442821204707084
2025-01-16,1119643721.967562,0.012690693435578382
2025-01-17,1125148540.808792,0.004916580813364879
2025-01-20,1137228530.097181,0.010736350668602013
2025-01-21,1146737313.8074493,0.008361365775316765
2025-01-22,1143983174.432698,-0.0024017177618533836
2025-01-23,1149614458.3109684,0.004922523341362117
2025-01-24,1161752367.3717425,0.0105582432206075
2025-01-27,1152823061.1700504,-0.007686066714796658
2025-01-28,1161572859.46395,0.007589888325983951
2025-01-29,1168851954.041606,0.006266584586881008
2025-01-30,1185769224.252255,0.014473407134370841
2025-01-31,1197086382.346576,0.009544148948086972
2025-02-01,1214631163.364284,0.01465623640569369
2025-02-03,1231559079.273628,0.013936671822627256
2025-02-04,1254254414.951362,0.018428133948003245
2025-02-05,1270381861.104232,0.012858193649249117
2025-02-06,1281671251.0991669,0.00888661145171099
2025-02-07,1285969871.378276,0.0033539179999728663
2025-02-10,1291961636.6725562,0.0046593356715722845
2025-02-11,1282686326.1093442,-0.007179246116858717
2025-02-12,1278388519.4674108,-0.003350629498771962
2025-02-13,1284027541.7319405,0.004411039506893477
2025-02-14,1291191153.287725,0.00557901705606878
2025-02-17,1278358924.4301362,-0.009938287468059581
2025-02-18,1292317699.148843,0.01091929226756827
2025-02-19,1297488041.576121,0.004000829231607161
2025-02-20,1302717566.6286278,0.00403049961535995
2025-02-21,1314401023.0117247,0.00896852601238285
2025-02-24,1305990839.976533,-0.006398490938420931
2025-02-25,1309409466.1299121,0.0026176494112628568
2025-02-27,1319629347.3533921,0.0078049544377327695
2025-02-28,1319824263.4409742,0.00014770517795237303
2025-03-03,1322074966.5637786,0.0017053051570188327
2025-03-04,1320986642.2219412,-0.0008231941223924011
2025-03-05,1332084725.1692572,0.00840135894837557
2025-03-06,1366181089.630024,0.0255962431041572
2025-03-07,1380272697.5127058,0.010314597376324341
2025-03-10,1390359604.8677638,0.0073079090626329
2025-03-11,1386113323.8250518,-0.00305408832926779
2025-03-12,1404079577.982206,0.012961605554425715
2025-03-13,1422011868.446798,0.012771562770225842
2025-03-17,1418902345.720037,-0.0021867065920887496
2025-03-18,1436436763.183956,0.012357733791060088
2025-03-19,1459043012.5402668,0.015737726808246366
2025-03-20,1479191869.2112741,0.013809638576677274
2025-03-21,1494001138.5638664,0.010011729824129345
2025-03-24,1523387613.3267753,0.019669646832503274
2025-03-25,1549657796.5275512,0.017244582383998175
2025-03-26,1560611334.7003574,0.007068359348335385
2025-03-27,1552572966.2423253,-0.005150781798964443
2025-03-28,1570921982.4811368,0.011818456612201267
2025-04-01,1570188179.102064,-0.0004671163732230532
2025-04-02,1583460240.018743,0.008452528870946496
2025-04-03,1589912258.7568946,0.0040746326147571565
2025-04-04,1603392005.3785834,0.008478295923215473
2025-04-07,1520284438.3046095,-0.05183234467627962
2025-04-08,1591169231.220169,0.04662600703497888
2025-04-09,1602726042.3685782,0.007263093655692998
2025-04-11,1638211949.489915,0.022140968689130514
2025-04-15,1679424661.7126098,0.02515713075803605
2025-04-16,1695407266.4621096,0.00951671433311052
2025-04-17,1709350372.3340197,0.008224045129289648
2025-04-21,1737659608.31602,0.016561400424504935
2025-04-22,1768550278.717514,0.017777170081907157
2025-04-23,1784609291.5947196,0.009080325886381413
2025-04-24,1804159572.450754,0.010954936157798523
2025-04-25,1813066348.4684994,0.004936800576706535
2025-04-28,1812363917.4212306,-0.00038742710539096947
2025-04-29,1841336842.4084105,0.015986262311161514
2025-04-30,1849576788.4015336,0.0044749802444323805
2025-05-02,1865613301.3811593,0.008670368854209576
2025-05-05,1888796805.9790125,0.012426747054542275
2025-05-06,1913611233.2249265,0.013137690177875916
2025-05-07,1909375276.9467065,-0.0022135929203767057
2025-05-08,1942279282.7986069,0.01723286472239094
2025-05-09,1910069088.79017,-0.016583708786733098
2025-05-12,1966835435.3821342,0.02971952529105626
2025-05-13,2000454802.790246,0.017093126757490973
2025-05-14,2016091713.935098,0.00781667804893238
2025-05-15,2031388265.8451385,0.007587230186162586
2025-05-16,2065101518.9546216,0.016596164148588777
2025-05-19,2082764255.5966833,0.008552962883395132
2025-05-20,2106895569.34578,0.011586195453591186
2025-05-21,2104620967.422577,-0.0010795987975376065
2025-05-22,2113817326.9653904,0.004369603688818113
2025-05-23,2122249274.370327,0.003988966926031123
2025-05-26,2144948299.378556,0.010695739318824282
2025-05-27,2161385624.203539,0.007663273203249332
2025-05-28,2166118094.9949427,0.0021895541167706867
2025-05-29,2173940261.7877846,0.003611145122196291
2025-05-30,2180463474.2317734,0.003000640154952716
2025-06-02,2175186254.3608193,-0.0024202285125703993
2025-06-03,2187424495.5315847,0.005626295746504528
2025-06-04,2189333925.243355,0.0008729122836790282
2025-06-05,2197018108.7079735,0.0035098270647611063
2025-06-06,2207782072.4891095,0.004899351415663222
2025-06-09,2247492396.072999,0.017986523252776943
2025-06-10,2278310387.6359496,0.013712167221031857
2025-06-11,2294469706.0334873,0.0070926764347964966
2025-06-12,2313254546.0877132,0.008187007222117515
2025-06-13,2279298369.4713063,-0.01467896244874356
2025-06-16,2304489895.9160004,0.01105231626631542
2025-06-17,2325901479.848133,0.009291246609532955
2025-06-18,2325761463.2185774,-6.019886515784556e-05
2025-06-19,2335989612.5081725,0.004397763679272915
2025-06-20,2346520399.0759563,0.004508062241114441
2025-06-23,2356884573.730441,0.0044168269999127485
2025-06-24,2395699751.288762,0.01646884959533046
2025-06-25,2409198670.3326855,0.005634645592237364
2025-06-26,2426401069.8849344,0.007140299288756147
2025-06-27,2456103218.599383,0.01224123624205986
2025-06-30,2478506066.2895093,0.009121297313759325
2025-07-01,2493189177.6424727,0.00592417809771395
2025-07-02,2498558326.2671413,0.0021535263640706237
2025-07-03,2521237130.278161,0.009076755892627908
2025-07-04,2534163108.710566,0.005126839628519564
2025-07-07,2543029938.911944,0.003498918507218507
2025-07-08,2557658183.437092,0.0057522895430035526
2025-07-09,2572263640.242874,0.0057104803528338355
2025-07-10,2582263374.762628,0.003887523177371399
2025-07-11,2572044391.7643056,-0.003957374409673364
2025-07-14,2576334267.8493395,0.001667885709426331
2025-07-15,2589613650.6822762,0.005154371076243169
2025-07-16,2606496386.089025,0.006519403155872627
2025-07-17,2619699066.405221,0.005065297763948262
2025-07-18,2621767821.510825,0.0007896918894745308
2025-07-21,2622050997.768344,0.00010800966248636357
2025-07-22,2640925289.259519,0.007198293056557281
2025-07-23,2646978915.597958,0.0022922368773772295
2025-07-24,2662205010.702658,0.0057522540187142646
2025-07-25,2666128509.935515,0.001473778021258143
2025-07-28,2678809328.109675,0.004756266671656739
2025-07-29,2674426050.683156,-0.0016362782451605495
2025-07-30,2697588377.62484,0.008660672048033335
2025-07-31,2693019440.0901036,-0.0016937118993517464
2025-08-01,2711053885.617216,0.006696737965808719
2025-08-04,2723478068.9851775,0.0045827873189370205
2025-08-05,2760142411.5299983,0.013462323402693155
2025-08-06,2770376757.115785,0.003707904904846515
2025-08-07,2770440427.261051,2.2982486083344966e-05
2025-08-08,2792854459.616572,0.008090422062487779
2025-08-11,2806539143.2852902,0.0048998914431785945
2025-08-12,2830179300.682497,0.008423241647552482
2025-08-13,2850274095.217292,0.0071001842639260015
2025-08-14,2881807412.1519966,0.011063257736376064
2025-08-18,2930210420.46454,0.01679605934402062
